{"cameraMode":{"drawMode":2,"name":"Shaded Wireframe","section":"Shading Mode"},"sceneLighting":true,"audioPlay":false,"sceneViewState":{"showFog":true,"showMaterialUpdate":false,"showSkybox":true,"showFlares":true,"showImageEffects":true,"showParticleSystems":true},"in2DMode":false,"pivot":{"x":1.6167106628417969,"y":2.629671096801758,"z":24.122800827026368},"rotation":{"x":-0.028795719146728517,"y":-0.0075028217397630219,"z":0.00022132342564873397,"w":-0.9995766878128052},"size":24.03439712524414,"orthographic":false}